latitude,longitude,scan,track,acq_date,acq_time,satellite,instrument,confidence,daynight
43.854737,-78.913468,2837,1412,2025-08-10,1557,L8,OLI,M,D
43.854737,-78.913468,1667,6712,2025-08-10,1557,L8,OLI,L,D
44.379473,-77.028949,6622,4584,2025-08-10,1557,L8,OLI,H,D
43.18046,-79.692197,790,3951,2025-08-10,1557,L8,OLI,L,D
43.593741,-79.644256,895,2419,2025-08-10,1557,L8,OLI,H,D
43.594277,-79.643873,896,2417,2025-08-10,1557,L8,OLI,H,D
43.594006,-79.643879,896,2418,2025-08-10,1557,L8,OLI,H,D
43.569998,-79.623985,951,2506,2025-08-10,1557,L8,OLI,H,D
43.501703,-79.605498,1005,2758,2025-08-10,1557,L8,OLI,L,D
43.865834,-79.499968,1265,1405,2025-08-10,1557,L8,OLI,L,D
43.865829,-79.499594,1266,1405,2025-08-10,1557,L8,OLI,L,D
43.847155,-79.267918,1888,1462,2025-08-10,1557,L8,OLI,H,D
43.18019,-79.692203,790,3952,2025-08-10,1557,L8,OLI,H,D
43.594011,-79.64425,895,2418,2025-08-10,1557,L8,OLI,H,D
51.08681,-101.304646,837,6197,2025-08-10,1734,L8,OLI,H,D
51.08681,-101.304646,2387,997,2025-08-10,1734,L8,OLI,H,D
49.81458,-101.175232,2551,5721,2025-08-10,1734,L8,OLI,H,D
49.977766,-101.165008,2593,5117,2025-08-10,1734,L8,OLI,L,D
49.900277,-100.856138,3324,5424,2025-08-10,1734,L8,OLI,H,D
49.900008,-100.856128,3324,5425,2025-08-10,1734,L8,OLI,H,D
49.868839,-100.239965,4797,5571,2025-08-10,1734,L8,OLI,H,D
49.067329,-100.813815,4911,3313,2025-08-10,1734,L8,OLI,H,D
49.067059,-100.813805,4911,3314,2025-08-10,1734,L8,OLI,H,D
56.758776,-108.63771,5761,5993,2025-08-10,1821,L9,OLI-2,M,D
56.758506,-108.637727,5761,5994,2025-08-10,1821,L9,OLI-2,H,D
56.757699,-108.637777,5761,5997,2025-08-10,1821,L9,OLI-2,H,D
56.757429,-108.637794,5761,5998,2025-08-10,1821,L9,OLI-2,H,D
56.75768,-108.636797,5763,5997,2025-08-10,1821,L9,OLI-2,M,D
56.757671,-108.636307,5764,5997,2025-08-10,1821,L9,OLI-2,H,D
56.757401,-108.636324,5764,5998,2025-08-10,1821,L9,OLI-2,H,D
56.757661,-108.635817,5765,5997,2025-08-10,1821,L9,OLI-2,M,D
56.757392,-108.635833,5765,5998,2025-08-10,1821,L9,OLI-2,M,D
56.761894,-108.617388,5802,5980,2025-08-10,1821,L9,OLI-2,L,D
56.758237,-108.637744,5761,5995,2025-08-10,1821,L9,OLI-2,M,D
56.791289,-109.331726,4344,5914,2025-08-10,1821,L9,OLI-2,H,D
56.791282,-109.331235,4345,5914,2025-08-10,1821,L9,OLI-2,H,D
56.767084,-109.091288,4836,5991,2025-08-10,1821,L9,OLI-2,M,D
56.767346,-109.090784,4837,5990,2025-08-10,1821,L9,OLI-2,H,D
56.762122,-109.049329,4922,6007,2025-08-10,1821,L9,OLI-2,M,D
56.761852,-109.049342,4922,6008,2025-08-10,1821,L9,OLI-2,M,D
56.762114,-109.048838,4923,6007,2025-08-10,1821,L9,OLI-2,H,D
56.761845,-109.048852,4923,6008,2025-08-10,1821,L9,OLI-2,H,D
56.854664,-108.936755,5141,5657,2025-08-10,1821,L9,OLI-2,M,D
56.854656,-108.936264,5142,5657,2025-08-10,1821,L9,OLI-2,M,D
56.839434,-108.92874,5159,5713,2025-08-10,1821,L9,OLI-2,L,D
56.844935,-108.919089,5178,5692,2025-08-10,1821,L9,OLI-2,M,D
56.844666,-108.919104,5178,5693,2025-08-10,1821,L9,OLI-2,H,D
56.749038,-108.67905,5678,6032,2025-08-10,1821,L9,OLI-2,M,D
56.758265,-108.639214,5758,5995,2025-08-10,1821,L9,OLI-2,M,D
56.758794,-108.63869,5759,5993,2025-08-10,1821,L9,OLI-2,L,D
56.758525,-108.638707,5759,5994,2025-08-10,1821,L9,OLI-2,H,D
56.758256,-108.638724,5759,5995,2025-08-10,1821,L9,OLI-2,H,D
56.758516,-108.638217,5760,5994,2025-08-10,1821,L9,OLI-2,H,D
56.758246,-108.638234,5760,5995,2025-08-10,1821,L9,OLI-2,H,D
56.757708,-108.638268,5760,5997,2025-08-10,1821,L9,OLI-2,M,D
56.757439,-108.638285,5760,5998,2025-08-10,1821,L9,OLI-2,L,D
49.361801,-112.426316,5215,7472,2025-08-10,1823,L9,OLI-2,M,D
52.333021,-112.678444,3285,1637,2025-08-10,1823,L9,OLI-2,H,D
53.57345,-111.548269,4327,2277,2025-08-10,1823,L9,OLI-2,H,D
53.573452,-111.547816,4328,2277,2025-08-10,1823,L9,OLI-2,M,D
52.639914,-111.525883,4351,5739,2025-08-10,1823,L9,OLI-2,L,D
52.333015,-112.678884,3284,1637,2025-08-10,1823,L9,OLI-2,H,D
49.486844,-113.306488,3099,6956,2025-08-10,1823,L9,OLI-2,H,D
49.486844,-113.306488,4679,1756,2025-08-10,1824,L9,OLI-2,H,D
45.409526,-75.68746,4794,6278,2025-08-11,1550,L9,OLI-2,H,D
45.428459,-75.682321,4808,6208,2025-08-11,1550,L9,OLI-2,H,D
45.428462,-75.681937,4809,6208,2025-08-11,1550,L9,OLI-2,L,D
45.341209,-75.319033,5754,6537,2025-08-11,1550,L9,OLI-2,H,D
45.237289,-75.764499,4587,6914,2025-08-11,1550,L9,OLI-2,L,D
46.182273,-75.73901,4686,3415,2025-08-11,1550,L9,OLI-2,L,D
44.242912,-76.962072,2805,5313,2025-08-11,1551,L9,OLI-2,L,D
44.237866,-76.941241,2860,5333,2025-08-11,1551,L9,OLI-2,H,D
44.466069,-76.687429,3553,4503,2025-08-11,1551,L9,OLI-2,H,D
45.237289,-75.764499,6027,1684,2025-08-11,1551,L9,OLI-2,L,D
44.884078,-75.384493,7015,2999,2025-08-11,1551,L9,OLI-2,H,D
44.243181,-76.962081,2805,5312,2025-08-11,1551,L9,OLI-2,H,D
44.243188,-76.961705,2806,5312,2025-08-11,1551,L9,OLI-2,H,D
44.661414,-75.601742,6437,3820,2025-08-11,1551,L9,OLI-2,H,D
44.661688,-75.600988,6439,3819,2025-08-11,1551,L9,OLI-2,H,D
44.66115,-75.600604,6440,3821,2025-08-11,1551,L9,OLI-2,H,D
50.679838,-110.037024,7185,2505,2025-08-11,1817,L8,OLI,H,D
52.639914,-111.525883,2271,469,2025-08-11,1817,L8,OLI,M,D
50.679838,-110.037024,5725,7725,2025-08-11,1817,L8,OLI,H,D
56.318171,-105.56415,5724,7796,2025-08-12,1809,L9,OLI-2,H,D
56.317901,-105.564146,5724,7797,2025-08-12,1809,L9,OLI-2,H,D
56.318173,-105.563665,5725,7796,2025-08-12,1809,L9,OLI-2,H,D
56.317088,-105.565104,5722,7800,2025-08-12,1809,L9,OLI-2,L,D
56.317903,-105.563661,5725,7797,2025-08-12,1809,L9,OLI-2,H,D
56.318175,-105.56318,5726,7796,2025-08-12,1809,L9,OLI-2,M,D
56.317636,-105.563172,5726,7798,2025-08-12,1809,L9,OLI-2,H,D
56.317367,-105.563169,5726,7799,2025-08-12,1809,L9,OLI-2,H,D
56.317638,-105.562687,5727,7798,2025-08-12,1809,L9,OLI-2,H,D
56.317369,-105.562684,5727,7799,2025-08-12,1809,L9,OLI-2,H,D
56.31764,-105.562203,5728,7798,2025-08-12,1809,L9,OLI-2,M,D
56.320373,-105.553997,5745,7788,2025-08-12,1809,L9,OLI-2,L,D
56.326848,-105.552635,5748,7764,2025-08-12,1809,L9,OLI-2,L,D
56.327393,-105.551188,5751,7762,2025-08-12,1809,L9,OLI-2,H,D
56.320116,-105.551083,5751,7789,2025-08-12,1809,L9,OLI-2,L,D
56.319847,-105.551079,5751,7790,2025-08-12,1809,L9,OLI-2,M,D
56.325802,-105.545343,5763,7768,2025-08-12,1809,L9,OLI-2,L,D
56.325532,-105.54534,5763,7769,2025-08-12,1809,L9,OLI-2,M,D
56.325535,-105.544855,5764,7769,2025-08-12,1809,L9,OLI-2,H,D
56.317371,-105.562199,5728,7799,2025-08-12,1809,L9,OLI-2,H,D
56.302704,-105.586224,5678,7853,2025-08-12,1809,L9,OLI-2,M,D
56.302976,-105.585744,5679,7852,2025-08-12,1809,L9,OLI-2,M,D
56.302707,-105.58574,5679,7853,2025-08-12,1809,L9,OLI-2,H,D
56.302709,-105.585255,5680,7853,2025-08-12,1809,L9,OLI-2,L,D
56.30759,-105.579026,5693,7835,2025-08-12,1809,L9,OLI-2,M,D
56.307321,-105.579022,5693,7836,2025-08-12,1809,L9,OLI-2,M,D
56.307592,-105.578541,5694,7835,2025-08-12,1809,L9,OLI-2,L,D
56.307323,-105.578537,5694,7836,2025-08-12,1809,L9,OLI-2,L,D
56.30733,-105.577082,5697,7836,2025-08-12,1809,L9,OLI-2,L,D
56.307332,-105.576598,5698,7836,2025-08-12,1809,L9,OLI-2,H,D
56.307062,-105.576593,5698,7837,2025-08-12,1809,L9,OLI-2,H,D
56.308143,-105.576125,5699,7833,2025-08-12,1809,L9,OLI-2,M,D
56.307065,-105.576109,5699,7837,2025-08-12,1809,L9,OLI-2,L,D
56.310575,-105.574707,5702,7824,2025-08-12,1809,L9,OLI-2,L,D
56.310045,-105.572759,5706,7826,2025-08-12,1809,L9,OLI-2,H,D
56.310047,-105.572274,5707,7826,2025-08-12,1809,L9,OLI-2,H,D
56.317077,-105.567529,5717,7800,2025-08-12,1809,L9,OLI-2,H,D
56.317079,-105.567044,5718,7800,2025-08-12,1809,L9,OLI-2,M,D
56.325265,-105.544851,7504,2630,2025-08-12,1810,L9,OLI-2,L,D
56.302704,-105.586224,7418,2713,2025-08-12,1810,L9,OLI-2,M,D
56.302707,-105.58574,7419,2713,2025-08-12,1810,L9,OLI-2,H,D
56.302437,-105.585735,7419,2714,2025-08-12,1810,L9,OLI-2,H,D
56.327393,-105.551188,7491,2622,2025-08-12,1810,L9,OLI-2,H,D
56.327124,-105.551184,7491,2623,2025-08-12,1810,L9,OLI-2,M,D
56.319847,-105.551079,7491,2650,2025-08-12,1810,L9,OLI-2,M,D
56.325532,-105.54534,7503,2629,2025-08-12,1810,L9,OLI-2,H,D
56.325535,-105.544855,7504,2629,2025-08-12,1810,L9,OLI-2,M,D
56.30759,-105.579026,7433,2695,2025-08-12,1810,L9,OLI-2,L,D
56.307321,-105.579022,7433,2696,2025-08-12,1810,L9,OLI-2,H,D
56.307323,-105.578537,7434,2696,2025-08-12,1810,L9,OLI-2,L,D
56.30733,-105.577082,7437,2696,2025-08-12,1810,L9,OLI-2,L,D
56.307332,-105.576598,7438,2696,2025-08-12,1810,L9,OLI-2,M,D
56.307062,-105.576593,7438,2697,2025-08-12,1810,L9,OLI-2,H,D
56.308143,-105.576125,7439,2693,2025-08-12,1810,L9,OLI-2,M,D
56.307065,-105.576109,7439,2697,2025-08-12,1810,L9,OLI-2,L,D
56.310575,-105.574707,7442,2684,2025-08-12,1810,L9,OLI-2,L,D
56.310306,-105.574703,7442,2685,2025-08-12,1810,L9,OLI-2,M,D
56.310045,-105.572759,7446,2686,2025-08-12,1810,L9,OLI-2,M,D
56.309775,-105.572755,7446,2687,2025-08-12,1810,L9,OLI-2,M,D
56.310047,-105.572274,7447,2686,2025-08-12,1810,L9,OLI-2,M,D
56.309778,-105.57227,7447,2687,2025-08-12,1810,L9,OLI-2,M,D
56.317077,-105.567529,7457,2660,2025-08-12,1810,L9,OLI-2,H,D
56.316808,-105.567525,7457,2661,2025-08-12,1810,L9,OLI-2,H,D
56.317079,-105.567044,7458,2660,2025-08-12,1810,L9,OLI-2,M,D
56.318171,-105.56415,7464,2656,2025-08-12,1810,L9,OLI-2,H,D
56.317901,-105.564146,7464,2657,2025-08-12,1810,L9,OLI-2,H,D
56.318173,-105.563665,7465,2656,2025-08-12,1810,L9,OLI-2,M,D
56.317903,-105.563661,7465,2657,2025-08-12,1810,L9,OLI-2,H,D
56.318175,-105.56318,7466,2656,2025-08-12,1810,L9,OLI-2,M,D
56.317636,-105.563172,7466,2658,2025-08-12,1810,L9,OLI-2,H,D
56.317367,-105.563169,7466,2659,2025-08-12,1810,L9,OLI-2,H,D
56.317638,-105.562687,7467,2658,2025-08-12,1810,L9,OLI-2,H,D
56.317369,-105.562684,7467,2659,2025-08-12,1810,L9,OLI-2,H,D
56.317099,-105.56268,7467,2660,2025-08-12,1810,L9,OLI-2,L,D
56.317371,-105.562199,7468,2659,2025-08-12,1810,L9,OLI-2,H,D
56.320373,-105.553997,7485,2648,2025-08-12,1810,L9,OLI-2,L,D
56.320103,-105.553993,7485,2649,2025-08-12,1810,L9,OLI-2,L,D
56.326576,-105.553116,7487,2625,2025-08-12,1810,L9,OLI-2,L,D
56.326848,-105.552635,7488,2624,2025-08-12,1810,L9,OLI-2,L,D
50.057823,-110.728909,1884,4784,2025-08-12,1811,L9,OLI-2,H,D
50.057553,-110.728491,1885,4785,2025-08-12,1811,L9,OLI-2,H,D
50.057554,-110.72891,1884,4785,2025-08-12,1811,L9,OLI-2,H,D
50.057284,-110.728912,1884,4786,2025-08-12,1811,L9,OLI-2,M,D
50.057822,-110.72849,1885,4784,2025-08-12,1811,L9,OLI-2,H,D
46.522104,-84.368102,4916,7293,2025-08-13,1627,L8,OLI,M,D
46.522347,-84.366916,4919,7292,2025-08-13,1627,L8,OLI,H,D
46.522338,-84.366526,4920,7292,2025-08-13,1627,L8,OLI,H,D
46.522104,-84.368102,6166,2013,2025-08-13,1627,L8,OLI,M,D
46.522347,-84.366916,6169,2012,2025-08-13,1627,L8,OLI,H,D
46.522338,-84.366526,6170,2012,2025-08-13,1627,L8,OLI,H,D
49.20987,-97.040233,2655,2656,2025-08-13,1716,L9,OLI-2,H,D
49.310735,-96.81086,3201,2267,2025-08-13,1716,L9,OLI-2,L,D
49.310727,-96.810448,3202,2267,2025-08-13,1716,L9,OLI-2,H,D
49.310457,-96.81046,3202,2268,2025-08-13,1716,L9,OLI-2,H,D
49.672748,-96.69152,3449,917,2025-08-13,1716,L9,OLI-2,L,D
50.404048,-97.229095,852,3522,2025-08-13,1716,L9,OLI-2,H,D
49.824911,-96.80025,1931,5641,2025-08-13,1716,L9,OLI-2,H,D
51.808742,-107.195064,5203,3689,2025-08-13,1805,L8,OLI,H,D
51.809027,-107.194207,5205,3688,2025-08-13,1805,L8,OLI,M,D
49.652813,-108.53617,4675,959,2025-08-13,1805,L8,OLI,H,D
49.652813,-108.53617,3415,6249,2025-08-13,1805,L8,OLI,H,D
50.533055,-108.279743,3913,2966,2025-08-13,1805,L8,OLI,H,D
46.51863,-84.398092,2419,2151,2025-08-14,1621,L9,OLI-2,H,D
46.522359,-84.372508,2485,2140,2025-08-14,1621,L9,OLI-2,H,D
46.52264,-84.372134,2486,2139,2025-08-14,1621,L9,OLI-2,H,D
46.52237,-84.372117,2486,2140,2025-08-14,1621,L9,OLI-2,H,D
46.521946,-84.368179,2496,2142,2025-08-14,1621,L9,OLI-2,H,D
46.521958,-84.367789,2497,2142,2025-08-14,1621,L9,OLI-2,H,D
50.297002,-105.543844,6956,4014,2025-08-14,1759,L9,OLI-2,H,D
50.388073,-105.511546,7035,3677,2025-08-14,1759,L9,OLI-2,H,D
46.577312,-80.792556,7557,1980,2025-08-15,1615,L8,OLI,H,D
46.577311,-80.791773,7559,1980,2025-08-15,1615,L8,OLI,H,D
46.577041,-80.791774,7559,1981,2025-08-15,1615,L8,OLI,H,D
46.576771,-80.791775,7559,1982,2025-08-15,1615,L8,OLI,M,D
46.57758,-80.79138,7560,1979,2025-08-15,1615,L8,OLI,H,D
46.57731,-80.791381,7560,1980,2025-08-15,1615,L8,OLI,H,D
46.57704,-80.791382,7560,1981,2025-08-15,1615,L8,OLI,H,D
46.576504,-80.793734,6114,7213,2025-08-15,1615,L8,OLI,H,D
46.576504,-80.793342,6115,7213,2025-08-15,1615,L8,OLI,H,D
46.576503,-80.792951,6116,7213,2025-08-15,1615,L8,OLI,M,D
46.577582,-80.792555,6117,7209,2025-08-15,1615,L8,OLI,H,D
46.577312,-80.792556,6117,7210,2025-08-15,1615,L8,OLI,H,D
46.576504,-80.793734,7554,1983,2025-08-15,1615,L8,OLI,H,D
46.576504,-80.793342,7555,1983,2025-08-15,1615,L8,OLI,H,D
46.576503,-80.792951,7556,1983,2025-08-15,1615,L8,OLI,M,D
46.577582,-80.792555,7557,1979,2025-08-15,1615,L8,OLI,H,D
46.577042,-80.792557,6117,7211,2025-08-15,1615,L8,OLI,M,D
46.577042,-80.792557,7557,1981,2025-08-15,1615,L8,OLI,M,D
46.576232,-80.79256,7557,1984,2025-08-15,1615,L8,OLI,M,D
46.575962,-80.792561,7557,1985,2025-08-15,1615,L8,OLI,H,D
46.577582,-80.792163,7558,1979,2025-08-15,1615,L8,OLI,H,D
46.577312,-80.792164,7558,1980,2025-08-15,1615,L8,OLI,H,D
46.577042,-80.792165,7558,1981,2025-08-15,1615,L8,OLI,H,D
46.576772,-80.792166,7558,1982,2025-08-15,1615,L8,OLI,M,D
46.576232,-80.792168,7558,1984,2025-08-15,1615,L8,OLI,M,D
46.575962,-80.79217,7558,1985,2025-08-15,1615,L8,OLI,H,D
46.575692,-80.792171,7558,1986,2025-08-15,1615,L8,OLI,H,D
46.577581,-80.791772,7559,1979,2025-08-15,1615,L8,OLI,H,D
46.576232,-80.79256,6117,7214,2025-08-15,1615,L8,OLI,M,D
46.575962,-80.792561,6117,7215,2025-08-15,1615,L8,OLI,H,D
46.577582,-80.792163,6118,7209,2025-08-15,1615,L8,OLI,H,D
46.577312,-80.792164,6118,7210,2025-08-15,1615,L8,OLI,H,D
46.577042,-80.792165,6118,7211,2025-08-15,1615,L8,OLI,H,D
46.576772,-80.792166,6118,7212,2025-08-15,1615,L8,OLI,M,D
46.576232,-80.792168,6118,7214,2025-08-15,1615,L8,OLI,M,D
46.575962,-80.79217,6118,7215,2025-08-15,1615,L8,OLI,H,D
46.575692,-80.792171,6118,7216,2025-08-15,1615,L8,OLI,H,D
46.577581,-80.791772,6119,7209,2025-08-15,1615,L8,OLI,H,D
46.577311,-80.791773,6119,7210,2025-08-15,1615,L8,OLI,H,D
46.577041,-80.791774,6119,7211,2025-08-15,1615,L8,OLI,H,D
46.576771,-80.791775,6119,7212,2025-08-15,1615,L8,OLI,M,D
46.57758,-80.79138,6120,7209,2025-08-15,1615,L8,OLI,H,D
46.57731,-80.791381,6120,7210,2025-08-15,1615,L8,OLI,H,D
46.57704,-80.791382,6120,7211,2025-08-15,1615,L8,OLI,H,D
42.44711,-82.296938,6382,6776,2025-08-15,1616,L8,OLI,H,D
42.978857,-82.082151,6996,4816,2025-08-15,1616,L8,OLI,L,D
42.926612,-82.435619,6032,4995,2025-08-15,1616,L8,OLI,H,D
42.089251,-82.873988,6241,2841,2025-08-15,1616,L8,OLI,H,D
42.944964,-82.415453,6088,4928,2025-08-15,1616,L8,OLI,M,D
42.944693,-82.415447,6088,4929,2025-08-15,1616,L8,OLI,H,D
42.944423,-82.41544,6088,4930,2025-08-15,1616,L8,OLI,H,D
42.869159,-82.406741,6107,5209,2025-08-15,1616,L8,OLI,H,D
42.538076,-82.350696,6240,6437,2025-08-15,1616,L8,OLI,L,D
42.44765,-82.296949,6382,6774,2025-08-15,1616,L8,OLI,L,D
42.44738,-82.296944,6382,6775,2025-08-15,1616,L8,OLI,H,D
51.64286,-104.207096,4866,4160,2025-08-15,1752,L8,OLI,H,D
51.642587,-104.206667,4867,4161,2025-08-15,1752,L8,OLI,H,D
52.621506,-104.806856,3473,541,2025-08-15,1752,L8,OLI,H,D
51.642857,-104.206662,4867,4160,2025-08-15,1752,L8,OLI,H,D
52.621775,-104.806855,2033,5770,2025-08-15,1752,L8,OLI,L,D
52.621506,-104.806856,2033,5771,2025-08-15,1752,L8,OLI,H,D
52.621775,-104.806855,3473,540,2025-08-15,1752,L8,OLI,L,D
50.517033,-104.629384,5363,3111,2025-08-15,1753,L8,OLI,H,D
50.517303,-104.629382,5363,3110,2025-08-15,1753,L8,OLI,H,D
44.501995,-80.249073,6377,4327,2025-08-16,1609,L9,OLI-2,H,D
43.967754,-80.638047,5355,6312,2025-08-16,1609,L9,OLI-2,L,D
42.911225,-80.624444,6779,4963,2025-08-16,1610,L9,OLI-2,H,D
42.911227,-80.624812,6778,4963,2025-08-16,1610,L9,OLI-2,H,D
43.470995,-80.493034,7124,2889,2025-08-16,1610,L9,OLI-2,H,D
43.32838,-80.438346,7275,3416,2025-08-16,1610,L9,OLI-2,H,D
42.312385,-82.050275,4242,1914,2025-08-16,1610,L9,OLI-2,L,D
42.312115,-82.05027,4242,1915,2025-08-16,1610,L9,OLI-2,H,D
51.657366,-102.310952,5667,4002,2025-08-16,1746,L9,OLI-2,L,D
49.679948,-102.929488,5786,6117,2025-08-16,1746,L9,OLI-2,H,D
43.865834,-79.499968,5495,1365,2025-08-17,1603,L8,OLI,L,D
43.865564,-79.499974,5495,1366,2025-08-17,1603,L8,OLI,H,D
43.865564,-79.499974,4225,6646,2025-08-17,1603,L8,OLI,H,D
45.173592,-79.291164,4683,1792,2025-08-17,1603,L8,OLI,H,D
42.817633,-81.32557,590,5280,2025-08-17,1603,L8,OLI,H,D
42.817363,-81.325568,590,5281,2025-08-17,1603,L8,OLI,H,D
43.161725,-81.036595,1378,4008,2025-08-17,1603,L8,OLI,H,D
42.802158,-80.103396,3921,5326,2025-08-17,1603,L8,OLI,H,D
49.735659,-102.982079,1894,5984,2025-08-17,1740,L8,OLI,H,D
49.73539,-102.98209,1894,5985,2025-08-17,1740,L8,OLI,H,D
49.73539,-102.98209,3144,695,2025-08-17,1741,L8,OLI,H,D
49.735659,-102.982079,3144,694,2025-08-17,1741,L8,OLI,H,D
57.006351,-111.479195,3137,5174,2025-08-17,1828,L9,OLI-2,H,D
57.006623,-111.478705,3138,5173,2025-08-17,1828,L9,OLI-2,M,D
57.009059,-111.475772,3144,5164,2025-08-17,1828,L9,OLI-2,H,D
57.00879,-111.475769,3144,5165,2025-08-17,1828,L9,OLI-2,H,D
57.008251,-111.475762,3144,5167,2025-08-17,1828,L9,OLI-2,H,D
57.007981,-111.475759,3144,5168,2025-08-17,1828,L9,OLI-2,H,D
57.008253,-111.475268,3145,5167,2025-08-17,1828,L9,OLI-2,M,D
56.963806,-111.469275,3156,5332,2025-08-17,1828,L9,OLI-2,M,D
56.963537,-111.469272,3156,5333,2025-08-17,1828,L9,OLI-2,H,D
56.411084,-110.944169,4222,7386,2025-08-17,1828,L9,OLI-2,H,D
56.410814,-110.944169,4222,7387,2025-08-17,1828,L9,OLI-2,H,D
57.042307,-111.635893,2821,5038,2025-08-17,1828,L9,OLI-2,H,D
57.042579,-111.635404,2822,5037,2025-08-17,1828,L9,OLI-2,H,D
57.04204,-111.635394,2822,5039,2025-08-17,1828,L9,OLI-2,H,D
57.042576,-111.635898,2821,5037,2025-08-17,1828,L9,OLI-2,H,D
57.042037,-111.635889,2821,5039,2025-08-17,1828,L9,OLI-2,H,D
57.039891,-111.633875,2825,5047,2025-08-17,1828,L9,OLI-2,H,D
57.039622,-111.63387,2825,5048,2025-08-17,1828,L9,OLI-2,H,D
55.582175,-110.879678,5990,5291,2025-08-17,1828,L9,OLI-2,H,D
55.582445,-110.879677,5990,5290,2025-08-17,1828,L9,OLI-2,H,D
55.581906,-110.880154,5989,5292,2025-08-17,1828,L9,OLI-2,H,D
55.582176,-110.880154,5989,5291,2025-08-17,1828,L9,OLI-2,H,D
55.582445,-110.880153,5989,5290,2025-08-17,1828,L9,OLI-2,H,D
56.114533,-111.827002,4023,3306,2025-08-17,1828,L9,OLI-2,H,D
56.276085,-111.627967,4441,2711,2025-08-17,1828,L9,OLI-2,H,D
55.525625,-110.994852,5748,5501,2025-08-17,1828,L9,OLI-2,H,D
55.525625,-110.994377,5749,5501,2025-08-17,1828,L9,OLI-2,H,D
55.580077,-110.987707,5763,5299,2025-08-17,1828,L9,OLI-2,H,D
55.579808,-110.987707,5763,5300,2025-08-17,1828,L9,OLI-2,H,D
55.579808,-110.987231,5764,5300,2025-08-17,1828,L9,OLI-2,H,D
57.051269,-111.622199,2849,5005,2025-08-17,1828,L9,OLI-2,H,D
56.411084,-110.944169,5852,2216,2025-08-17,1828,L9,OLI-2,H,D
57.051,-111.622195,2849,5006,2025-08-17,1828,L9,OLI-2,H,D
57.05073,-111.62219,2849,5007,2025-08-17,1828,L9,OLI-2,H,D
57.051272,-111.621705,2850,5005,2025-08-17,1828,L9,OLI-2,H,D
57.051002,-111.6217,2850,5006,2025-08-17,1828,L9,OLI-2,H,D
57.050733,-111.621696,2850,5007,2025-08-17,1828,L9,OLI-2,M,D
57.009021,-111.485651,3124,5164,2025-08-17,1828,L9,OLI-2,H,D
57.004192,-111.480155,3135,5182,2025-08-17,1828,L9,OLI-2,M,D
57.003922,-111.480152,3135,5183,2025-08-17,1828,L9,OLI-2,M,D
57.004193,-111.479661,3136,5182,2025-08-17,1828,L9,OLI-2,M,D
57.003924,-111.479658,3136,5183,2025-08-17,1828,L9,OLI-2,M,D
57.006621,-111.479199,3137,5173,2025-08-17,1828,L9,OLI-2,H,D
53.792002,-112.888731,3240,6706,2025-08-17,1829,L9,OLI-2,H,D
53.792279,-112.888288,3241,6705,2025-08-17,1829,L9,OLI-2,H,D
52.278577,-112.803483,6616,1982,2025-08-17,1829,L9,OLI-2,H,D
53.846151,-113.118293,4402,1321,2025-08-17,1829,L9,OLI-2,H,D
53.846429,-113.117851,4403,1320,2025-08-17,1829,L9,OLI-2,H,D
53.846159,-113.117838,4403,1321,2025-08-17,1829,L9,OLI-2,H,D
53.846437,-113.117395,4404,1320,2025-08-17,1829,L9,OLI-2,H,D
53.846167,-113.117382,4404,1321,2025-08-17,1829,L9,OLI-2,H,D
53.796018,-113.101188,4434,1508,2025-08-17,1829,L9,OLI-2,H,D
53.796026,-113.100733,4435,1508,2025-08-17,1829,L9,OLI-2,H,D
53.808264,-113.094965,4449,1463,2025-08-17,1829,L9,OLI-2,H,D
53.792279,-112.888288,4901,1535,2025-08-17,1829,L9,OLI-2,M,D
52.278847,-112.803494,4946,7151,2025-08-17,1829,L9,OLI-2,H,D
52.278577,-112.803483,4946,7152,2025-08-17,1829,L9,OLI-2,H,D
53.792002,-112.888731,4900,1536,2025-08-17,1829,L9,OLI-2,H,D
53.876678,-114.347318,1713,1104,2025-08-17,1829,L9,OLI-2,L,D
53.557101,-113.703132,3079,2349,2025-08-17,1829,L9,OLI-2,H,D
53.491941,-113.637468,3215,2596,2025-08-17,1829,L9,OLI-2,H,D
52.313033,-113.553144,3246,6973,2025-08-17,1829,L9,OLI-2,H,D
52.312763,-113.553128,3246,6974,2025-08-17,1829,L9,OLI-2,M,D
52.313042,-113.552704,3247,6973,2025-08-17,1829,L9,OLI-2,M,D
53.477873,-113.409611,3717,2666,2025-08-17,1829,L9,OLI-2,H,D
53.537525,-113.407565,3729,2445,2025-08-17,1829,L9,OLI-2,H,D
53.537256,-113.407549,3729,2446,2025-08-17,1829,L9,OLI-2,M,D
53.543636,-113.385269,3779,2424,2025-08-17,1829,L9,OLI-2,H,D
53.543915,-113.384832,3780,2423,2025-08-17,1829,L9,OLI-2,H,D
53.543645,-113.384817,3780,2424,2025-08-17,1829,L9,OLI-2,H,D
53.555266,-113.356481,3844,2383,2025-08-17,1829,L9,OLI-2,M,D
53.554997,-113.356466,3844,2384,2025-08-17,1829,L9,OLI-2,H,D
53.560933,-113.356343,3845,2362,2025-08-17,1829,L9,OLI-2,H,D
53.560663,-113.356328,3845,2363,2025-08-17,1829,L9,OLI-2,H,D
53.560394,-113.356313,3845,2364,2025-08-17,1829,L9,OLI-2,H,D
53.560672,-113.355875,3846,2363,2025-08-17,1829,L9,OLI-2,H,D
53.553694,-113.354128,3849,2389,2025-08-17,1829,L9,OLI-2,H,D
53.553425,-113.354113,3849,2390,2025-08-17,1829,L9,OLI-2,H,D
53.750032,-113.13939,4345,1676,2025-08-17,1829,L9,OLI-2,H,D
53.776348,-113.130712,4367,1579,2025-08-17,1829,L9,OLI-2,M,D
53.814905,-113.1313,4370,1436,2025-08-17,1829,L9,OLI-2,M,D
53.841638,-113.129466,4377,1337,2025-08-17,1829,L9,OLI-2,M,D
53.841369,-113.129453,4377,1338,2025-08-17,1829,L9,OLI-2,H,D
53.846421,-113.118307,4402,1320,2025-08-17,1829,L9,OLI-2,H,D
55.083638,-113.478437,2114,1877,2025-08-17,1829,L9,OLI-2,H,D
53.750032,-113.13939,2685,6846,2025-08-17,1829,L9,OLI-2,H,D
53.776348,-113.130712,2707,6749,2025-08-17,1829,L9,OLI-2,M,D
53.814905,-113.1313,2710,6606,2025-08-17,1829,L9,OLI-2,M,D
53.841638,-113.129466,2717,6507,2025-08-17,1829,L9,OLI-2,M,D
53.841369,-113.129453,2717,6508,2025-08-17,1829,L9,OLI-2,H,D
53.846421,-113.118307,2742,6490,2025-08-17,1829,L9,OLI-2,H,D
53.846151,-113.118293,2742,6491,2025-08-17,1829,L9,OLI-2,H,D
53.846429,-113.117851,2743,6490,2025-08-17,1829,L9,OLI-2,H,D
53.846159,-113.117838,2743,6491,2025-08-17,1829,L9,OLI-2,H,D
53.846437,-113.117395,2744,6490,2025-08-17,1829,L9,OLI-2,H,D
53.846167,-113.117382,2744,6491,2025-08-17,1829,L9,OLI-2,H,D
53.796018,-113.101188,2774,6678,2025-08-17,1829,L9,OLI-2,H,D
53.796026,-113.100733,2775,6678,2025-08-17,1829,L9,OLI-2,H,D
53.808264,-113.094965,2789,6633,2025-08-17,1829,L9,OLI-2,H,D
54.465217,-113.110805,2827,4196,2025-08-17,1829,L9,OLI-2,H,D
51.693959,-113.215985,5612,4123,2025-08-17,1829,L9,OLI-2,H,D
51.69369,-113.215972,5612,4124,2025-08-17,1829,L9,OLI-2,H,D
51.69342,-113.215959,5612,4125,2025-08-17,1829,L9,OLI-2,H,D
51.009402,-112.864571,6357,6683,2025-08-17,1829,L9,OLI-2,L,D
51.009409,-112.864144,6358,6683,2025-08-17,1829,L9,OLI-2,L,D
52.278847,-112.803494,6616,1981,2025-08-17,1829,L9,OLI-2,H,D
51.683136,-114.149966,3459,4084,2025-08-17,1829,L9,OLI-2,H,D
51.682867,-114.149947,3459,4085,2025-08-17,1829,L9,OLI-2,H,D
50.943887,-113.948489,3813,6843,2025-08-17,1829,L9,OLI-2,H,D
51.022654,-113.949637,3822,6551,2025-08-17,1829,L9,OLI-2,H,D
50.919818,-113.918363,3880,6935,2025-08-17,1829,L9,OLI-2,H,D
50.956868,-113.915131,3893,6798,2025-08-17,1829,L9,OLI-2,M,D
50.956599,-113.915114,3893,6799,2025-08-17,1829,L9,OLI-2,H,D
52.313033,-113.553144,4916,1803,2025-08-17,1829,L9,OLI-2,H,D
52.313042,-113.552704,4917,1803,2025-08-17,1829,L9,OLI-2,M,D
51.034336,-113.404743,5097,6554,2025-08-17,1829,L9,OLI-2,H,D
51.693951,-113.216419,5611,4123,2025-08-17,1829,L9,OLI-2,H,D
51.693682,-113.216406,5611,4124,2025-08-17,1829,L9,OLI-2,H,D
50.956818,-113.914965,5179,1342,2025-08-17,1830,L9,OLI-2,M,D
50.956829,-113.915391,5178,1342,2025-08-17,1830,L9,OLI-2,M,D
50.919934,-113.918261,5177,1479,2025-08-17,1830,L9,OLI-2,H,D
51.022761,-113.949523,5088,1101,2025-08-17,1830,L9,OLI-2,H,D
50.818174,-114.466385,3906,1905,2025-08-17,1830,L9,OLI-2,H,D
50.818444,-114.466371,3906,1904,2025-08-17,1830,L9,OLI-2,L,D
